# Druti Autocorrect list: engine spelling, correct spelling, roman spelling.
# In the roman spelling, `_` marks a vowel left out: typing it as written gives the engine
# spelling, and typing `o` at each `_` gives the correct spelling.
# Generated by scripts/autocorrect/generate.py; do not edit by hand.
# The Autocorrect word list is derived from the Dakshina dataset (Google Research,
# CC BY-SA 4.0) and from FrequencyWords by Hermit Dave (built from OpenSubtitles,
# CC BY-SA 4.0). It is licensed CC BY-SA 4.0 (see LICENSE-DATA). The rest of Druti is MIT.
অংশগ্রহণ্কারী	অংশগ্রহণকারী	ongSogrohoN_karI
অংশগ্রহণ্কারীদের	অংশগ্রহণকারীদের	ongSogrohoN_karIder
অক্স্ফোর্ডের	অক্সফোর্ডের	oks_fOrrDer
অগ্রহণ্যোগ্য	অগ্রহণযোগ্য	ogrohoN_zOgy
অঞ্চল্কে	অঞ্চলকে	oncol_ke
অঞ্চল্গুলো	অঞ্চলগুলো	oncol_gulO
অঞ্চল্টি	অঞ্চলটি	oncol_Ti
অঞ্চল্টিতে	অঞ্চলটিতে	oncol_Tite
অঞ্চল্টির	অঞ্চলটির	oncol_Tir
অঞ্চল্সমূহ	অঞ্চলসমূহ	oncol_somUh
অঞ্চল্সমূহের	অঞ্চলসমূহের	oncol_somUher
অতীত্কে	অতীতকে	otIt_ke
অধিক্তর	অধিকতর	odhik_tor
অধ্য্ক্ষের	অধ্যক্ষের	odhy_kkher
অনুষ্ঠান্টি	অনুষ্ঠানটি	onuShThan_Ti
অনেক্কে	অনেককে	onek_ke
অনেক্ক্ষণ	অনেকক্ষণ	onek_kkhoN
অনেক্গুলি	অনেকগুলি	onek_guli
অনেক্গুলো	অনেকগুলো	onek_gulO
অনেক্টা	অনেকটা	onek_Ta
অনেক্টাই	অনেকটাই	onek_Tai
অনেক্দিন	অনেকদিন	onek_din
অনেক্বার	অনেকবার	onek_bar
অন্লাইন	অনলাইন	on_lain
অন্লাইনে	অনলাইনে	on_laine
অপরাধ্মূলক	অপরাধমূলক	oporadh_mUlok
অপ্টিক্যাল	অপটিক্যাল	op_Tikyal
অবস্থান্কারী	অবস্থানকারী	obosthan_karI
অবস্থান্কালে	অবস্থানকালে	obosthan_kale
অবস্থান্কে	অবস্থানকে	obosthan_ke
অবস্থান্রত	অবস্থানরত	obosthan_rot
অব্জেক্ট	অবজেক্ট	ob_jekT
অভিজাত্দের	অভিজাতদের	ovijat_der
অমৃত্সর	অমৃতসর	omrrit_sor
অর্থনৈতিক্ভাবে	অর্থনৈতিকভাবে	orrthonOitik_vabe
আঁক্তে	আঁকতে	a^k_te
আংশিক্ভাবে	আংশিকভাবে	angSik_vabe
আইন্কে	আইনকে	ain_ke
আইন্টি	আইনটি	ain_Ti
আইন্সভা	আইনসভা	ain_sova
আইন্সভার	আইনসভার	ain_sovar
আইন্স্টাইন	আইনস্টাইন	ain_sTain
আইন্স্টাইনের	আইনস্টাইনের	ain_sTainer
আইস্ক্রিম	আইসক্রিম	ais_krim
আইস্ল্যান্ড	আইসল্যান্ড	ais_lyanD
আইস্ল্যান্ডের	আইসল্যান্ডের	ais_lyanDer
আকস্মিক্ভাবে	আকস্মিকভাবে	akosmik_vabe
আক্বর	আকবর	ak_bor
আক্বরের	আকবরের	ak_borer
আক্রমণ্কারী	আক্রমণকারী	akromoN_karI
আক্রাম	আকরাম	ak_ram
আঘাত্প্রাপ্ত	আঘাতপ্রাপ্ত	aghat_prapt
আচম্কা	আচমকা	acom_ka
আজ্কাল	আজকাল	aj_kal
আজ্কে	আজকে	aj_ke
আজ্কের	আজকের	aj_ker
আজ্মল	আজমল	aj_mol
আট্কা	আটকা	aT_ka
আট্কাতে	আটকাতে	aT_kate
আট্কানো	আটকানো	aT_kanO
আট্কে	আটকে	aT_ke
আট্জন	আটজন	aT_jon
আট্টা	আটটা	aT_Ta
আট্টি	আটটি	aT_Ti
আট্লান্টিক	আটলান্টিক	aT_lanTik
আদম্শুমারি	আদমশুমারি	adom_Sumari
আদ্নান	আদনান	ad_nan
আনুষ্ঠানিক্ভাবে	আনুষ্ঠানিকভাবে	anuShThanik_vabe
আন্তর্জাতিক্ভাবে	আন্তর্জাতিকভাবে	antorrjatik_vabe
আন্দোলন্কারী	আন্দোলনকারী	andOlon_karI
আন্দোলন্কারীদের	আন্দোলনকারীদের	andOlon_karIder
আন্দোলন্কে	আন্দোলনকে	andOlon_ke
আন্সার	আনসার	an_sar
আপ্নাকে	আপনাকে	ap_nake
আপ্নাদের	আপনাদের	ap_nader
আপ্নার	আপনার	ap_nar
আপ্নারা	আপনারা	ap_nara
আপ্নি	আপনি	ap_ni
আবাস্স্থল	আবাসস্থল	abas_sthol
আব্দুল্লাহ্র	আবদুল্লাহর	ab_dullah_r
আমেরিকান্দের	আমেরিকানদের	amerikan_der
আমেরিকান্রা	আমেরিকানরা	amerikan_ra
আম্জাদ	আমজাদ	am_jad
আম্দানি	আমদানি	am_dani
আম্দানী	আমদানী	am_danI
আম্দের	আমদের	am_der
আম্রা	আমরা	am_ra
আম্রাও	আমরাও	am_raO
আম্লা	আমলা	am_la
আম্স্টারডাম	আমস্টারডাম	am_sTarDam
আরব্দের	আরবদের	arob_der
আরব্রা	আরবরা	arob_ra
আরেক্জন	আরেকজন	arek_jon
আরেক্জনের	আরেকজনের	arek_joner
আরেক্টা	আরেকটা	arek_Ta
আরেক্টি	আরেকটি	arek_Ti
আরেক্বার	আরেকবার	arek_bar
আর্ট্স	আর্টস	arrT_s
আর্ম্স্ট্রং	আর্মস্ট্রং	arrm_sTrong
আলম্গীর	আলমগীর	alom_gIr
আলোক্চিত্র	আলোকচিত্র	alOk_citr
আলোক্চিত্রী	আলোকচিত্রী	alOk_citrI
আলোক্পাত	আলোকপাত	alOk_pat
আলোক্বর্ষ	আলোকবর্ষ	alOk_borrSh
আল্গা	আলগা	al_ga
আল্তাফ	আলতাফ	al_taf
আল্প্স	আল্পস	alp_s
আল্ফা	আলফা	al_fa
আল্ফ্রেড	আলফ্রেড	al_freD
আল্বার্ট	আলবার্ট	al_barrT
আল্হাজ	আলহাজ	al_haj
আল্হাজ্ব	আলহাজ্ব	al_hajw
আশ্পাশের	আশপাশের	aS_paSer
আশ্রাফ	আশরাফ	aS_raf
আশ্রাফুল	আশরাফুল	aS_raful
আসেন্নি	আসেননি	asen_ni
আস্ছিল	আসছিল	as_chil
আস্ছিলো	আসছিলো	as_chilO
আস্ছে	আসছে	as_che
আস্ছেন	আসছেন	as_chen
আস্তো	আসতো	as_tO
আস্বাব্পত্র	আসবাবপত্র	as_bab_potr
আস্বে	আসবে	as_be
আস্বেন	আসবেন	as_ben
আস্লাম	আসলাম	as_lam
আস্লেও	আসলেও	as_leO
আহ্মদ	আহমদ	ah_mod
আহ্মেদ	আহমেদ	ah_med
আহ্মেদের	আহমেদের	ah_meder
ইংরেজ্দের	ইংরেজদের	ingrej_der
ইংরেজ্রা	ইংরেজরা	ingrej_ra
ইক্বাল	ইকবাল	ik_bal
ইক্বালের	ইকবালের	ik_baler
ইতিহাস্কে	ইতিহাসকে	itihas_ke
ইতিহাস্বিদ	ইতিহাসবিদ	itihas_bid
ইতিহাস্বেত্তা	ইতিহাসবেত্তা	itihas_betta
ইন্কর্পোরেটেড	ইনকর্পোরেটেড	in_korrpOreTeD
ইন্কা	ইনকা	in_ka
ইন্স্টল	ইনস্টল	in_sTol
ইম্রান	ইমরান	im_ran
ইস্তান্বুল	ইস্তানবুল	istan_bul
ইস্মাইল	ইসমাইল	is_mail
ইস্রাইল	ইসরাইল	is_rail
ইস্রাইলের	ইসরাইলের	is_railer
ইস্লাম	ইসলাম	is_lam
ইস্লামি	ইসলামি	is_lami
ইস্লামিক	ইসলামিক	is_lamik
ইস্লামী	ইসলামী	is_lamI
ইস্লামীর	ইসলামীর	is_lamIr
ইস্লামে	ইসলামে	is_lame
ইস্লামের	ইসলামের	is_lamer
ইস্লাম্কে	ইসলামকে	is_lam_ke
ইস্লাম্পুর	ইসলামপুর	is_lam_pur
উইজ্ডেন	উইজডেন	uij_Den
উইন্স্টন	উইনস্টন	uin_sTon
উইল্ফ্রেড	উইলফ্রেড	uil_freD
উইল্সন	উইলসন	uil_son
উজ্বেক	উজবেক	uj_bek
উজ্বেকিস্তান	উজবেকিস্তান	uj_bekistan
উজ্বেকিস্তানের	উজবেকিস্তানের	uj_bekistaner
উঠ্ল	উঠল	uTh_l
উঠ্লে	উঠলে	uTh_le
উঠ্লো	উঠলো	uTh_lO
উদাহরণ্স্বরুপ	উদাহরণস্বরুপ	udahoroN_sworup
উদাহরণ্স্বরূপ	উদাহরণস্বরূপ	udahoroN_sworUp
উদ্ভিদ্বিদ্যা	উদ্ভিদবিদ্যা	udvid_bidya
উদ্যান্টি	উদ্যানটি	udyan_Ti
উদ্যাপন	উদযাপন	ud_zapon
উদ্যাপনের	উদযাপনের	ud_zaponer
উদ্যাপিত	উদযাপিত	ud_zapit
উপকূল্বর্তী	উপকূলবর্তী	upokUl_borrtI
উপন্যাস্টি	উপন্যাসটি	uponyas_Ti
উপন্যাস্টির	উপন্যাসটির	uponyas_Tir
উস্মান	উসমান	us_man
উস্মানের	উসমানের	us_maner
উৎপাদন্কারী	উৎপাদনকারী	utHpadon_karI
এইড্স	এইডস	eiD_s
একক্ভাবে	এককভাবে	ekok_vabe
একাধিক্বার	একাধিকবার	ekadhik_bar
একেক্টা	একেকটা	ekek_Ta
একেক্টি	একেকটি	ekek_Ti
এক্কালে	এককালে	ek_kale
এক্কোষী	এককোষী	ek_kOShI
এক্জন	একজন	ek_jon
এক্জনের	একজনের	ek_joner
এক্জন্কে	একজনকে	ek_jon_ke
এক্টা	একটা	ek_Ta
এক্টাই	একটাই	ek_Tai
এক্টাও	একটাও	ek_TaO
এক্টানা	একটানা	ek_Tana
এক্টার	একটার	ek_Tar
এক্টি	একটি	ek_Ti
এক্টিতে	একটিতে	ek_Tite
এক্টিমাত্র	একটিমাত্র	ek_Timatr
এক্টির	একটির	ek_Tir
এক্টু	একটু	ek_Tu
এক্টুও	একটুও	ek_TuO
এক্তলা	একতলা	ek_tola
এক্দম	একদম	ek_dom
এক্দমই	একদমই	ek_domoi
এক্দল	একদল	ek_dol
এক্দিকে	একদিকে	ek_dike
এক্দিন	একদিন	ek_din
এক্দিনে	একদিনে	ek_dine
এক্দিনের	একদিনের	ek_diner
এক্ধরণের	একধরণের	ek_dhoroNer
এক্ধরনের	একধরনের	ek_dhoroner
এক্পাশে	একপাশে	ek_paSe
এক্প্রকার	একপ্রকার	ek_prokar
এক্বছর	একবছর	ek_bochor
এক্বার	একবার	ek_bar
এক্বারই	একবারই	ek_baroi
এক্বারে	একবারে	ek_bare
এক্মত	একমত	ek_mot
এক্মাত্র	একমাত্র	ek_matr
এক্মাস	একমাস	ek_mas
এক্মুখী	একমুখী	ek_mukhI
এক্যোগে	একযোগে	ek_zOge
এক্রকম	একরকম	ek_rokom
এক্লা	একলা	ek_la
এক্শ	একশ	ek_S
এক্শত	একশত	ek_Sot
এক্শো	একশো	ek_SO
এক্সঙ্গে	একসঙ্গে	ek_soNgge
এক্সাথে	একসাথে	ek_sathe
এক্সাথেই	একসাথেই	ek_sathei
এক্সারি	একসারি	ek_sari
এক্স্চেঞ্জ	এক্সচেঞ্জ	eks_cenj
এক্স্প্রেস	এক্সপ্রেস	eks_pres
এখন্কার	এখনকার	ekhon_kar
এখান্কার	এখানকার	ekhan_kar
এডিন্বরা	এডিনবরা	eDin_bora
এড্গার	এডগার	eD_gar
এড্ভেঞ্চার	এডভেঞ্চার	eD_vencar
এড্ভোকেট	এডভোকেট	eD_vOkeT
এড্মন্ড	এডমন্ড	eD_monD
এড্মিরাল	এডমিরাল	eD_miral
এপার্ট্মেন্ট	এপার্টমেন্ট	eparrT_menT
এমএস্সি	এমএসসি	emoes_si
এমন্কি	এমনকি	emon_ki
এমন্কী	এমনকী	emon_kI
এমন্টা	এমনটা	emon_Ta
এমন্টাই	এমনটাই	emon_Tai
এমন্টি	এমনটি	emon_Ti
এমন্ভাবে	এমনভাবে	emon_vabe
এম্ডি	এমডি	em_Di
এম্নি	এমনি	em_ni
এম্নিতে	এমনিতে	em_nite
এম্বিএ	এমবিএ	em_bie
এম্বিবিএস	এমবিবিএস	em_bibies
এলএল্বি	এলএলবি	eloel_bi
এল্গরিদম	এলগরিদম	el_goridom
এস্কল	এসকল	es_kol
এস্সি	এসসি	es_si
ঐতিহাসিক্দের	ঐতিহাসিকদের	Oitihasik_der
ঐতিহাসিক্ভাবে	ঐতিহাসিকভাবে	Oitihasik_vabe
ওস্মান	ওসমান	Os_man
ওস্মানী	ওসমানী	Os_manI
ওয়াল্পেপার	ওয়ালপেপার	Oyal_pepar
কন্ডম	কনডম	kon_Dom
কন্রাড	কনরাড	kon_raD
কন্সার্ট	কনসার্ট	kon_sarrT
কন্সার্টে	কনসার্টে	kon_sarrTe
কমল্নগর	কমলনগর	komol_nogor
কম্ছে	কমছে	kom_che
কম্তি	কমতি	kom_ti
কম্তে	কমতে	kom_te
কম্পক্ষে	কমপক্ষে	kom_pokkhe
কম্বেশি	কমবেশি	kom_beSi
করেন্নি	করেননি	koren_ni
কলেজ্টি	কলেজটি	kolej_Ti
কলেজ্টিতে	কলেজটিতে	kolej_Tite
কলেজ্টির	কলেজটির	kolej_Tir
কল্কাতা	কলকাতা	kol_kata
কল্কাতার	কলকাতার	kol_katar
কস্বা	কসবা	kos_ba
কাগজ্পত্র	কাগজপত্র	kagoj_potr
কাজ্কর্ম	কাজকর্ম	kaj_korrm
কাজ্কর্মে	কাজকর্মে	kaj_korrme
কাজ্কর্মের	কাজকর্মের	kaj_korrmer
কাজ্কে	কাজকে	kaj_ke
কাজ্গুলো	কাজগুলো	kaj_gulO
কাজ্টি	কাজটি	kaj_Ti
কাট্তে	কাটতে	kaT_te
কাট্বে	কাটবে	kaT_be
কাঠ্মান্ডু	কাঠমান্ডু	kaTh_manDu
কাম্রুল	কামরুল	kam_rul
কাম্রূপ	কামরূপ	kam_rUp
কাল্চার	কালচার	kal_car
কাল্চে	কালচে	kal_ce
কিন্তে	কিনতে	kin_te
কীট্নাশক	কীটনাশক	kIT_naSok
কীট্পতঙ্গ	কীটপতঙ্গ	kIT_potoNgg
কুইন্স্ল্যান্ড	কুইন্সল্যান্ড	kuins_lyanD
কুইন্স্ল্যান্ডের	কুইন্সল্যান্ডের	kuins_lyanDer
কুরাইশ্দের	কুরাইশদের	kuraiS_der
কূট্নীতিক	কূটনীতিক	kUT_nItik
কূট্নীতিবিদ	কূটনীতিবিদ	kUT_nItibid
কূট্নৈতিক	কূটনৈতিক	kUT_nOitik
কৃষক্দের	কৃষকদের	krriShok_der
কেপ্লার	কেপলার	kep_lar
কেপ্লারের	কেপলারের	kep_larer
কেবল্মাত্র	কেবলমাত্র	kebol_matr
কেম্ব্রিজের	কেমব্রিজের	kem_brijer
কেল্ভিন	কেলভিন	kel_vin
কোচ্বিহার	কোচবিহার	kOc_bihar
কোন্টা	কোনটা	kOn_Ta
কোন্টাই	কোনটাই	kOn_Tai
কোন্টি	কোনটি	kOn_Ti
কোব্রা	কোবরা	kOb_ra
কোল্কাতা	কোলকাতা	kOl_kata
কোষ্গুলো	কোষগুলো	kOSh_gulO
কৌশল্গত	কৌশলগত	kOuSol_got
ক্যাথ্রিন	ক্যাথরিন	kyath_rin
ক্যান্টন্মেন্ট	ক্যান্টনমেন্ট	kyanTon_menT
ক্যাম্প্বেল	ক্যাম্পবেল	kyamp_bel
ক্যাম্ব্রিজ	ক্যামব্রিজ	kyam_brij
ক্যাল্কাটা	ক্যালকাটা	kyal_kaTa
ক্যাল্কুলাস	ক্যালকুলাস	kyal_kulas
ক্রিস্মাস	ক্রিসমাস	kris_mas
ক্লাব্টি	ক্লাবটি	klab_Ti
ক্লাব্টির	ক্লাবটির	klab_Tir
ক্লিন্টন	ক্লিনটন	klin_Ton
খস্রু	খসরু	khos_ru
খস্ড়া	খসড়া	khos_Ra
খাজ্না	খাজনা	khaj_na
খানিক্টা	খানিকটা	khanik_Ta
খান্কে	খানকে	khan_ke
খুঁজ্ছেন	খুঁজছেন	khu^j_chen
খুঁজ্তে	খুঁজতে	khu^j_te
খুচ্রা	খুচরা	khuc_ra
খুজ্তে	খুজতে	khuj_te
খুল্তে	খুলতে	khul_te
খুল্না	খুলনা	khul_na
খুল্নার	খুলনার	khul_nar
খেতাব্প্রাপ্ত	খেতাবপ্রাপ্ত	khetab_prapt
খেল্ছে	খেলছে	khel_che
খেল্ছেন	খেলছেন	khel_chen
খেল্তে	খেলতে	khel_te
খেল্তেন	খেলতেন	khel_ten
খেল্না	খেলনা	khel_na
খেল্লেও	খেললেও	khel_leO
খোঁজ্খবর	খোঁজখবর	khO^j_khobor
খ্রিষ্টান্দের	খ্রিষ্টানদের	khriShTan_der
খ্রিস্টান্দের	খ্রিস্টানদের	khrisTan_der
গড্ফাদার	গডফাদার	goD_fadar
গণিত্বিদ	গণিতবিদ	goNit_bid
গবেষক্গণ	গবেষকগণ	gobeShok_goN
গবেষক্দের	গবেষকদের	gobeShok_der
গবেষক্রা	গবেষকরা	gobeShok_ra
গভর্ন্মেন্ট	গভর্নমেন্ট	govorrn_menT
গান্টা	গানটা	gan_Ta
গান্টি	গানটি	gan_Ti
গান্টির	গানটির	gan_Tir
গার্ল্স	গার্লস	garrl_s
গিব্স	গিবস	gib_s
গিব্সন	গিবসন	gib_son
গিল্বার্ট	গিলবার্ট	gil_barrT
গুগ্লি	গুগলি	gug_li
গুজ্রাট	গুজরাট	guj_raT
গুজ্রাটের	গুজরাটের	guj_raTer
গুল্শান	গুলশান	gul_San
গোপাল্গঞ্জ	গোপালগঞ্জ	gOpal_gonj
গোপাল্পুর	গোপালপুর	gOpal_pur
গোলক্ধাঁধা	গোলকধাঁধা	gOlok_dha^dha
গোল্রক্ষক	গোলরক্ষক	gOl_rokkhok
গ্রহণ্কারী	গ্রহণকারী	grohoN_karI
গ্রহণ্যোগ্য	গ্রহণযোগ্য	grohoN_zOgy
গ্রহণ্যোগ্যতা	গ্রহণযোগ্যতা	grohoN_zOgyota
গ্রাম্গুলো	গ্রামগুলো	gram_gulO
গ্রাম্টি	গ্রামটি	gram_Ti
গ্রাম্বাসী	গ্রামবাসী	gram_basI
গ্রাম্বাসীদের	গ্রামবাসীদের	gram_basIder
গ্রাহক্দের	গ্রাহকদের	grahok_der
গ্রিক্দের	গ্রিকদের	grik_der
গ্র্যান্ড্মাস্টার	গ্র্যান্ডমাস্টার	grryanD_masTar
ঘট্ছে	ঘটছে	ghoT_che
ঘট্তে	ঘটতে	ghoT_te
ঘট্বে	ঘটবে	ghoT_be
ঘট্ল	ঘটল	ghoT_l
ঘট্লে	ঘটলে	ghoT_le
ঘট্লো	ঘটলো	ghoT_lO
ঘাট্তি	ঘাটতি	ghaT_ti
চক্চকে	চকচকে	cok_coke
চমক্প্রদ	চমকপ্রদ	comok_prod
চম্কে	চমকে	com_ke
চরম্পন্থী	চরমপন্থী	corom_ponthI
চল্ছিল	চলছিল	col_chil
চল্ছিলো	চলছিলো	col_chilO
চল্ছে	চলছে	col_che
চল্ত	চলত	col_t
চল্তি	চলতি	col_ti
চল্তে	চলতে	col_te
চল্তেই	চলতেই	col_tei
চল্তো	চলতো	col_tO
চল্বে	চলবে	col_be
চল্লে	চললে	col_le
চশ্মা	চশমা	coS_ma
চাঁদ্পুর	চাঁদপুর	ca^d_pur
চাঁপাইনবাব্গঞ্জ	চাঁপাইনবাবগঞ্জ	ca^painobab_gonj
চাক্তি	চাকতি	cak_ti
চাক্মা	চাকমা	cak_ma
চাক্রি	চাকরি	cak_ri
চাক্রিটা	চাকরিটা	cak_riTa
চাক্রিতে	চাকরিতে	cak_rite
চাক্রির	চাকরির	cak_rir
চাক্রী	চাকরী	cak_rI
চাট্খিল	চাটখিল	caT_khil
চান্নি	চাননি	can_ni
চাম্ড়া	চামড়া	cam_Ra
চার্ল্সের	চার্লসের	carrl_ser
চাল্কের	চালকের	cal_ker
চাল্না	চালনা	cal_na
চাল্নার	চালনার	cal_nar
চিন্তাভাব্না	চিন্তাভাবনা	cintavab_na
চ্যানেল্টি	চ্যানেলটি	cyanel_Ti
চ্যানেল্টির	চ্যানেলটির	cyanel_Tir
চ্যাপ্ম্যান	চ্যাপম্যান	cyap_myan
চ্যাপ্লিন	চ্যাপলিন	cyap_lin
চ্যাপ্লিনের	চ্যাপলিনের	cyap_liner
চ্যাম্পিয়ন্শিপ	চ্যাম্পিয়নশিপ	cyampiyon_Sip
ছিট্কে	ছিটকে	chiT_ke
ছিন্তাই	ছিনতাই	chin_tai
জনগণ্কে	জনগণকে	jonogoN_ke
জন্কে	জনকে	jon_ke
জন্মগ্রহণ্কারী	জন্মগ্রহণকারী	jonmogrohoN_karI
জবান্বন্দী	জবানবন্দী	joban_bondI
জবাব্দিহি	জবাবদিহি	jobab_dihi
জল্চর	জলচর	jol_cor
জল্দি	জলদি	jol_di
জল্ধারা	জলধারা	jol_dhara
জল্পাই	জলপাই	jol_pai
জান্ত	জানত	jan_t
জান্তে	জানতে	jan_te
জান্তেন	জানতেন	jan_ten
জান্তো	জানতো	jan_tO
জান্বেন	জানবেন	jan_ben
জান্লে	জানলে	jan_le
জাফ্রান	জাফরান	jaf_ran
জামাল্পুর	জামালপুর	jamal_pur
জার্মান্দের	জার্মানদের	jarrman_der
জার্মান্রা	জার্মানরা	jarrman_ra
জাহাজ্কে	জাহাজকে	jahaj_ke
জাহাজ্টি	জাহাজটি	jahaj_Ti
জাহাজ্টির	জাহাজটির	jahaj_Tir
জিত্তে	জিততে	jit_te
জিনিস্গুলো	জিনিসগুলো	jinis_gulO
জিনিস্টি	জিনিসটি	jinis_Ti
জিনিস্পত্র	জিনিসপত্র	jinis_potr
জিনিস্পত্রের	জিনিসপত্রের	jinis_potrer
জিনিস্পাতি	জিনিসপাতি	jinis_pati
জিন্তাও	জিনতাও	jin_taO
জীবন্কাল	জীবনকাল	jIbon_kal
জীবন্কে	জীবনকে	jIbon_ke
জীবন্ধারা	জীবনধারা	jIbon_dhara
জীবন্যাত্রা	জীবনযাত্রা	jIbon_zatra
জীবন্যাত্রার	জীবনযাত্রার	jIbon_zatrar
জীবন্যাপন	জীবনযাপন	jIbon_zapon
জীবন্যাপনের	জীবনযাপনের	jIbon_zaponer
জীব্বিজ্ঞান	জীববিজ্ঞান	jIb_biggan
জীব্বিজ্ঞানী	জীববিজ্ঞানী	jIb_bigganI
জীব্বিজ্ঞানের	জীববিজ্ঞানের	jIb_bigganer
জীব্বিদ্যা	জীববিদ্যা	jIb_bidya
জুল্ফিকার	জুলফিকার	jul_fikar
জেন্ট্লম্যান	জেন্টলম্যান	jenT_lomyan
জেম্সের	জেমসের	jem_ser
জেল্খানা	জেলখানা	jel_khana
জ্যাক্সন	জ্যাকসন	jyak_son
ঝাল্কাঠি	ঝালকাঠি	jhal_kaThi
টাট্কা	টাটকা	TaT_ka
টান্তে	টানতে	Tan_te
টিক্টিকি	টিকটিকি	Tik_Tiki
টিক্তে	টিকতে	Tik_te
টিন্টিন	টিনটিন	Tin_Tin
টুক্রা	টুকরা	Tuk_ra
টুক্রো	টুকরো	Tuk_rO
টেক্নিক	টেকনিক	Tek_nik
টেক্নিক্যাল	টেকনিক্যাল	Tek_nikyal
টেক্নোলজি	টেকনোলজি	Tek_nOloji
টেক্নোলজিতে	টেকনোলজিতে	Tek_nOlojite
টেক্নোলজির	টেকনোলজির	Tek_nOlojir
টেক্সই	টেকসই	Tek_soi
টেস্ট্টি	টেস্টটি	TesT_Ti
টেস্লা	টেসলা	Tes_la
ট্যাব্লেট	ট্যাবলেট	Tyab_leT
ট্রান্স্পোর্ট	ট্রান্সপোর্ট	Trans_pOrrT
ট্রান্স্ফার	ট্রান্সফার	Trans_far
ট্রান্স্মিটার	ট্রান্সমিটার	Trans_miTar
ট্রান্স্মিশন	ট্রান্সমিশন	Trans_miSon
ট্রেড্মার্ক	ট্রেডমার্ক	TreD_marrk
ট্রেন্টি	ট্রেনটি	Tren_Ti
টয়্লেট	টয়লেট	Toy_leT
ঠিক্ঠাক	ঠিকঠাক	Thik_Thak
ঠিক্ভাবে	ঠিকভাবে	Thik_vabe
ঠিক্মত	ঠিকমত	Thik_mot
ডগ্লাস	ডগলাস	Dog_las
ডল্ফিন	ডলফিন	Dol_fin
ডাক্টিকিট	ডাকটিকিট	Dak_TikiT
ডাক্ত	ডাকত	Dak_t
ডাক্তে	ডাকতে	Dak_te
ডাক্তো	ডাকতো	Dak_tO
ডাক্নাম	ডাকনাম	Dak_nam
ডান্কান	ডানকান	Dan_kan
ডান্দিকে	ডানদিকে	Dan_dike
ডান্দিকের	ডানদিকের	Dan_diker
ডান্হাতি	ডানহাতি	Dan_hati
ডান্হাতে	ডানহাতে	Dan_hate
ডাব্লিন	ডাবলিন	Dab_lin
ডাল্পালা	ডালপালা	Dal_pala
ডায়্না	ডায়না	Day_na
ডিটেক্টিভ	ডিটেকটিভ	DiTek_Tiv
ডিপার্ট্মেন্ট	ডিপার্টমেন্ট	DiparrT_menT
ডিপার্ট্মেন্টের	ডিপার্টমেন্টের	DiparrT_menTer
ডিম্গুলো	ডিমগুলো	Dim_gulO
ডিম্লা	ডিমলা	Dim_la
ডিস্কভারি	ডিসকভারি	Dis_kovari
ডিস্প্লে	ডিসপ্লে	Dis_ple
ডেন্মার্ক	ডেনমার্ক	Den_marrk
ডেন্মার্কের	ডেনমার্কের	Den_marrker
ডেভেলপ্মেন্ট	ডেভেলপমেন্ট	Develop_menT
ডেস্ক্টপ	ডেস্কটপ	Desk_Top
ডেস্মন্ড	ডেসমন্ড	Des_monD
ড্রাগ্স	ড্রাগস	Drag_s
ঢুক্তে	ঢুকতে	Dhuk_te
তখন্কার	তখনকার	tokhon_kar
তছ্নছ	তছনছ	toch_noch
তব্লা	তবলা	tob_la
তরুণ্দের	তরুণদের	toruN_der
তাজ্মহল	তাজমহল	taj_mohol
তান্ভীর	তানভীর	tan_vIr
তাপ্মাত্রা	তাপমাত্রা	tap_matra
তাপ্মাত্রার	তাপমাত্রার	tap_matrar
তালুক্দার	তালুকদার	taluk_dar
তাৎক্ষণিক্ভাবে	তাৎক্ষণিকভাবে	tatHkkhoNik_vabe
তিন্টা	তিনটা	tin_Ta
তিন্টি	তিনটি	tin_Ti
তিন্দিন	তিনদিন	tin_din
তিন্বার	তিনবার	tin_bar
তুর্ক্মেনিস্তান	তুর্কমেনিস্তান	turrk_menistan
তুলনামূলক্ভাবে	তুলনামূলকভাবে	tulonamUlok_vabe
তুল্ছে	তুলছে	tul_che
তুল্তে	তুলতে	tul_te
তুল্বে	তুলবে	tul_be
তুল্লে	তুললে	tul_le
তুল্সী	তুলসী	tul_sI
তেজ্গাঁও	তেজগাঁও	tej_ga^O
তেজ্পুর	তেজপুর	tej_pur
তেমন্টা	তেমনটা	temon_Ta
তেম্নি	তেমনি	tem_ni
তেহ্রান	তেহরান	teh_ran
তোম্রা	তোমরা	tOm_ra
থম্প্সন	থম্পসন	thomp_son
থম্সন	থমসন	thom_son
থাক্ত	থাকত	thak_t
থাক্তে	থাকতে	thak_te
থাক্তেই	থাকতেই	thak_tei
থাক্তেন	থাকতেন	thak_ten
থাক্তো	থাকতো	thak_tO
থাক্বে	থাকবে	thak_be
থাক্বেন	থাকবেন	thak_ben
থাক্ল	থাকল	thak_l
থাক্লে	থাকলে	thak_le
থাক্লেও	থাকলেও	thak_leO
থাক্লেন	থাকলেন	thak_len
থাম্বে	থামবে	tham_be
দক্ষিণ্পূর্ব	দক্ষিণপূর্ব	dokkhiN_pUrrw
দম্দম	দমদম	dom_dom
দর্শক্দের	দর্শকদের	dorrSok_der
দর্শক্রা	দর্শকরা	dorrSok_ra
দল্কে	দলকে	dol_ke
দল্গুলো	দলগুলো	dol_gulO
দল্গুলোর	দলগুলোর	dol_gulOr
দল্টি	দলটি	dol_Ti
দল্টিকে	দলটিকে	dol_Tike
দল্টির	দলটির	dol_Tir
দল্নেতা	দলনেতা	dol_neta
দল্বদ্ধ	দলবদ্ধ	dol_boddh
দশ্কে	দশকে	doS_ke
দশ্জন	দশজন	doS_jon
দশ্টি	দশটি	doS_Ti
দাশ্গুপ্ত	দাশগুপ্ত	daS_gupt
দাস্দের	দাসদের	das_der
দিক্কার	দিককার	dik_kar
দিক্টা	দিকটা	dik_Ta
দিনাজ্পুর	দিনাজপুর	dinaj_pur
দিনাজ্পুরের	দিনাজপুরের	dinaj_purer
দিন্কে	দিনকে	din_ke
দিন্টি	দিনটি	din_Ti
দিন্টিকে	দিনটিকে	din_Tike
দিবস্টি	দিবসটি	dibos_Ti
দুজন্কে	দুজনকে	dujon_ke
দেখেন্নি	দেখেননি	dekhen_ni
দেখ্লে	দেখলে	dekh_le
দেখ্লেই	দেখলেই	dekh_lei
দেখ্লেন	দেখলেন	dekh_len
দেন্নি	দেননি	den_ni
দেব্দাস	দেবদাস	deb_das
দেব্দূত	দেবদূত	deb_dUt
দেব্নাগরী	দেবনাগরী	deb_nagorI
দেব্রাজ	দেবরাজ	deb_raj
দেশ্কে	দেশকে	deS_ke
দেশ্গুলিতে	দেশগুলিতে	deS_gulite
দেশ্গুলির	দেশগুলির	deS_gulir
দেশ্গুলো	দেশগুলো	deS_gulO
দেশ্গুলোতে	দেশগুলোতে	deS_gulOte
দেশ্গুলোর	দেশগুলোর	deS_gulOr
দেশ্টি	দেশটি	deS_Ti
দেশ্টিতে	দেশটিতে	deS_Tite
দেশ্টির	দেশটির	deS_Tir
দেশ্প্রেমিক	দেশপ্রেমিক	deS_premik
দেশ্ব্যাপী	দেশব্যাপী	deS_byapI
দেশ্সমূহ	দেশসমূহ	deS_somUh
দেশ্সমূহে	দেশসমূহে	deS_somUhe
দেশ্সমূহের	দেশসমূহের	deS_somUher
দৌলত্পুর	দৌলতপুর	dOulot_pur
দ্বীপ্টি	দ্বীপটি	dwIp_Ti
দ্বীপ্টির	দ্বীপটির	dwIp_Tir
দ্বীপ্পুঞ্জ	দ্বীপপুঞ্জ	dwIp_punj
দ্বীপ্পুঞ্জে	দ্বীপপুঞ্জে	dwIp_punje
দ্বীপ্পুঞ্জের	দ্বীপপুঞ্জের	dwIp_punjer
ধারণ্কারী	ধারণকারী	dharoN_karI
ধারণ্ক্ষমতা	ধারণক্ষমতা	dharoN_kkhomota
ধারাবাহিক্ভাবে	ধারাবাহিকভাবে	dharabahik_vabe
ধূম্কেতু	ধূমকেতু	dhUm_ketu
ধূম্কেতুর	ধূমকেতুর	dhUm_ketur
ধূম্পান	ধূমপান	dhUm_pan
নক্শা	নকশা	nok_Sa
নক্শার	নকশার	nok_Sar
নজ্রুল	নজরুল	noj_rul
নজ্রুলের	নজরুলের	noj_ruler
নতুন্ভাবে	নতুনভাবে	notun_vabe
নবাব্গঞ্জ	নবাবগঞ্জ	nobab_gonj
নাগরিক্দের	নাগরিকদের	nagorik_der
নাগ্পুর	নাগপুর	nag_pur
নাজ্মুল	নাজমুল	naj_mul
নাটক্টি	নাটকটি	naTok_Ti
নাত্নী	নাতনী	nat_nI
নাবিক্দের	নাবিকদের	nabik_der
নাম্করণ	নামকরণ	nam_koroN
নাম্করণের	নামকরণের	nam_koroNer
নাম্করনের	নামকরনের	nam_koroner
নাম্করা	নামকরা	nam_kora
নাম্কে	নামকে	nam_ke
নাম্গুলো	নামগুলো	nam_gulO
নাম্টা	নামটা	nam_Ta
নাম্টি	নামটি	nam_Ti
নাম্টির	নামটির	nam_Tir
নাম্তে	নামতে	nam_te
নাম্তেন	নামতেন	nam_ten
নাম্লে	নামলে	nam_le
নাস্রিন	নাসরিন	nas_rin
নিকট্তম	নিকটতম	nikoT_tom
নিকট্বর্তী	নিকটবর্তী	nikoT_borrtI
নিখুঁত্ভাবে	নিখুঁতভাবে	nikhu^t_vabe
নির্বাচক্মণ্ডলীর	নির্বাচকমণ্ডলীর	nirrwacok_moNDolIr
নির্মম্ভাবে	নির্মমভাবে	nirrmom_vabe
নির্মাণ্কাজ	নির্মাণকাজ	nirrmaN_kaj
নীল্চে	নীলচে	nIl_ce
নীল্ফামারী	নীলফামারী	nIl_famarI
নুড্লস	নুডলস	nuD_los
নুস্রাত	নুসরাত	nus_rat
নেদারল্যান্ড্স	নেদারল্যান্ডস	nedarlyanD_s
নেদারল্যান্ড্সের	নেদারল্যান্ডসের	nedarlyanD_ser
নেন্নি	নেননি	nen_ni
নেল্সন	নেলসন	nel_son
পণ্ডিত্দের	পণ্ডিতদের	poNDit_der
পদ্টি	পদটি	pod_Ti
পন্ডিত্দের	পন্ডিতদের	ponDit_der
পরম্হংস	পরমহংস	porom_hongs
পরম্হংসের	পরমহংসের	porom_hongser
পরিচালক্দের	পরিচালকদের	poricalok_der
পরিবর্তন্শীল	পরিবর্তনশীল	poriborrton_SIl
পরিবেশ্গত	পরিবেশগত	poribeS_got
পরীক্ষামূলক্ভাবে	পরীক্ষামূলকভাবে	porIkkhamUlok_vabe
পর্বত্মালা	পর্বতমালা	porrwot_mala
পর্বত্মালার	পর্বতমালার	porrwot_malar
পর্বত্শৃঙ্গ	পর্বতশৃঙ্গ	porrwot_SrriNgg
পশ্চাদ্পসরণ	পশ্চাদপসরণ	poScad_posoroN
পশ্চিম্বঙ্গ	পশ্চিমবঙ্গ	poScim_boNgg
পশ্চিম্বঙ্গে	পশ্চিমবঙ্গে	poScim_boNgge
পশ্চিম্বঙ্গের	পশ্চিমবঙ্গের	poScim_boNgger
পাঁচ্জন	পাঁচজন	pa^c_jon
পাঁচ্টা	পাঁচটা	pa^c_Ta
পাঁচ্টি	পাঁচটি	pa^c_Ti
পাঁচ্বার	পাঁচবার	pa^c_bar
পাঁচ্শত	পাঁচশত	pa^c_Sot
পাকিস্তান্কে	পাকিস্তানকে	pakistan_ke
পাখ্না	পাখনা	pakh_na
পাখ্নার	পাখনার	pakh_nar
পাগ্লা	পাগলা	pag_la
পাট্না	পাটনা	paT_na
পাঠক্দের	পাঠকদের	paThok_der
পাণ্ডব্দের	পাণ্ডবদের	paNDob_der
পাত্লা	পাতলা	pat_la
পান্নি	পাননি	pan_ni
পান্পাত্র	পানপাত্র	pan_patr
পাব্না	পাবনা	pab_na
পাব্লো	পাবলো	pab_lO
পারেন্নি	পারেননি	paren_ni
পার্ক্কে	পার্ককে	parrk_ke
পার্ক্টি	পার্কটি	parrk_Ti
পার্ট্নার	পার্টনার	parrT_nar
পার্ট্স	পার্টস	parrT_s
পাস্পোর্ট	পাসপোর্ট	pas_pOrrT
পিক্চার	পিকচার	pik_car
পিক্নিক	পিকনিক	pik_nik
পিগ্মেন্ট	পিগমেন্ট	pig_menT
পিছ্লে	পিছলে	pich_le
পিরোজ্পুর	পিরোজপুর	pirOj_pur
পুরুষ্কে	পুরুষকে	puruSh_ke
পুরুষ্দের	পুরুষদের	puruSh_der
পুরুষ্রা	পুরুষরা	puruSh_ra
পূর্বপুরুষ্দের	পূর্বপুরুষদের	pUrrwopuruSh_der
পৃথক্ভাবে	পৃথকভাবে	prrithok_vabe
পোর্ট্ল্যান্ড	পোর্টল্যান্ড	pOrrT_lyanD
প্রকাশ্কাল	প্রকাশকাল	prokaS_kal
প্রতিষ্ঠান্কে	প্রতিষ্ঠানকে	protiShThan_ke
প্রতিষ্ঠান্টি	প্রতিষ্ঠানটি	protiShThan_Ti
প্রতিষ্ঠান্টিতে	প্রতিষ্ঠানটিতে	protiShThan_Tite
প্রতিষ্ঠান্টির	প্রতিষ্ঠানটির	protiShThan_Tir
প্রত্যেক্কে	প্রত্যেককে	protyek_ke
প্রত্যেক্টা	প্রত্যেকটা	protyek_Ta
প্রত্যেক্টি	প্রত্যেকটি	protyek_Ti
প্রথম্টি	প্রথমটি	prothom_Ti
প্রথম্দিকে	প্রথমদিকে	prothom_dike
প্রথম্দিকের	প্রথমদিকের	prothom_diker
প্রথম্দিক্কার	প্রথমদিককার	prothom_dik_kar
প্রথম্বার	প্রথমবার	prothom_bar
প্রথম্বারের	প্রথমবারের	prothom_barer
প্রদান্কারী	প্রদানকারী	prodan_karI
প্রধান্তম	প্রধানতম	prodhan_tom
প্রধান্দের	প্রধানদের	prodhan_der
প্রধান্মন্ত্রী	প্রধানমন্ত্রী	prodhan_montrI
প্রধান্মন্ত্রীর	প্রধানমন্ত্রীর	prodhan_montrIr
প্রবেশ্দ্বার	প্রবেশদ্বার	probeS_dwar
প্রবেশ্পথ	প্রবেশপথ	probeS_poth
প্রভাব্শালী	প্রভাবশালী	provab_SalI
প্রশিক্ষণ্প্রাপ্ত	প্রশিক্ষণপ্রাপ্ত	proSikkhoN_prapt
প্রস্তাব্টি	প্রস্তাবটি	prostab_Ti
প্রস্তুত্কারক	প্রস্তুতকারক	prostut_karok
প্রস্তুত্কারী	প্রস্তুতকারী	prostut_karI
প্রস্তুত্কৃত	প্রস্তুতকৃত	prostut_krrit
প্রাকৃতিক্ভাবে	প্রাকৃতিকভাবে	prakrritik_vabe
প্রাচীন্কাল	প্রাচীনকাল	pracIn_kal
প্রাচীন্কালে	প্রাচীনকালে	pracIn_kale
প্রাচীন্তম	প্রাচীনতম	pracIn_tom
প্রাণ্কেন্দ্রে	প্রাণকেন্দ্রে	praN_kendre
প্রাণ্হানি	প্রাণহানি	praN_hani
প্রাথমিক্ভাবে	প্রাথমিকভাবে	prathomik_vabe
প্রাসাদ্টি	প্রাসাদটি	prasad_Ti
প্লাজ্মা	প্লাজমা	plaj_ma
প্লাট্ফর্ম	প্লাটফর্ম	plaT_forrm
প্ল্যাট্ফর্ম	প্ল্যাটফর্ম	plyaT_forrm
ফজ্লুর	ফজলুর	foj_lur
ফজ্লুল	ফজলুল	foj_lul
ফরিদ্গঞ্জ	ফরিদগঞ্জ	forid_gonj
ফরিদ্পুর	ফরিদপুর	forid_pur
ফরিদ্পুরের	ফরিদপুরের	forid_purer
ফল্মূল	ফলমূল	fol_mUl
ফল্স্বরূপ	ফলস্বরূপ	fol_sworUp
ফস্ফরাস	ফসফরাস	fos_foras
ফারেন্হাইট	ফারেনহাইট	faren_haiT
ফাল্তু	ফালতু	fal_tu
ফিন্ল্যান্ড	ফিনল্যান্ড	fin_lyanD
ফিন্ল্যান্ডের	ফিনল্যান্ডের	fin_lyanDer
ফিলাডেল্ফিয়া	ফিলাডেলফিয়া	filaDel_fiya
ফিলিপ্স	ফিলিপস	filip_s
ফিল্ম্স	ফিল্মস	film_s
ফুট্বল	ফুটবল	fuT_bol
ফুট্বলার	ফুটবলার	fuT_bolar
ফুট্বলে	ফুটবলে	fuT_bole
ফুট্বলের	ফুটবলের	fuT_boler
ফুস্ফুস	ফুসফুস	fus_fus
ফুস্ফুসে	ফুসফুসে	fus_fuse
ফুস্ফুসের	ফুসফুসের	fus_fuser
ফেরেশ্তা	ফেরেশতা	fereS_ta
ফেল্ত	ফেলত	fel_t
ফেল্তে	ফেলতে	fel_te
ফেল্বে	ফেলবে	fel_be
ফেল্লে	ফেললে	fel_le
ফেল্লো	ফেললো	fel_lO
ফৌজ্দারি	ফৌজদারি	fOuj_dari
ফ্রাঙ্ক্লিন	ফ্রাঙ্কলিন	fraNgk_lin
বঙ্কিম্চন্দ্র	বঙ্কিমচন্দ্র	boNgkim_condr
বদ্নাম	বদনাম	bod_nam
বদ্লা	বদলা	bod_la
বদ্লি	বদলি	bod_li
বদ্লে	বদলে	bod_le
বন্ভূমি	বনভূমি	bon_vUmi
বলেন্নি	বলেননি	bolen_ni
বল্ছি	বলছি	bol_chi
বল্ছিলেন	বলছিলেন	bol_chilen
বল্ছে	বলছে	bol_che
বল্ছেন	বলছেন	bol_chen
বল্তে	বলতে	bol_te
বল্তেই	বলতেই	bol_tei
বল্তেন	বলতেন	bol_ten
বল্বিজ্ঞান	বলবিজ্ঞান	bol_biggan
বল্বিদ্যা	বলবিদ্যা	bol_bidya
বল্বে	বলবে	bol_be
বল্বেন	বলবেন	bol_ben
বল্বো	বলবো	bol_bO
বল্ল	বলল	bol_l
বল্লাম	বললাম	bol_lam
বল্লে	বললে	bol_le
বল্লেই	বললেই	bol_lei
বল্লেও	বললেও	bol_leO
বল্লেন	বললেন	bol_len
বল্লো	বললো	bol_lO
বসবাস্কারী	বসবাসকারী	bosobas_karI
বসবাস্রত	বসবাসরত	bosobas_rot
বস্তে	বসতে	bos_te
বস্বে	বসবে	bos_be
বহন্কারী	বহনকারী	bohon_karI
বহন্যোগ্য	বহনযোগ্য	bohon_zOgy
বহরম্পুর	বহরমপুর	bohorom_pur
বাঁচ্তে	বাঁচতে	ba^c_te
বাঁশ্খালী	বাঁশখালী	ba^S_khalI
বাংলাদেশ্কে	বাংলাদেশকে	bangladeS_ke
বাগ্দত্তা	বাগদত্তা	bag_dotta
বাগ্দাদ	বাগদাদ	bag_dad
বাগ্দাদে	বাগদাদে	bag_dade
বাগ্দাদের	বাগদাদের	bag_dader
বাগ্দান	বাগদান	bag_dan
বাঙ্লা	বাঙলা	baNg_la
বাজ্না	বাজনা	baj_na
বাণিজ্যিক্ভাবে	বাণিজ্যিকভাবে	baNijyik_vabe
বাথ্রুমে	বাথরুমে	bath_rume
বাদ্শা	বাদশা	bad_Sa
বাদ্শাহ	বাদশাহ	bad_Sah
বামন্দের	বামনদের	bamon_der
বাম্হাতি	বামহাতি	bam_hati
বাম্হাতে	বামহাতে	bam_hate
বার্ক্লে	বার্কলে	barrk_le
বাস্কেট্বল	বাস্কেটবল	baskeT_bol
বাস্ভবন	বাসভবন	bas_vobon
বাস্ভবনে	বাসভবনে	bas_vobone
বাহ্রাইন	বাহরাইন	bah_rain
বাহ্রাইনের	বাহরাইনের	bah_rainer
বিজ্নেস	বিজনেস	bij_nes
বিধান্সভা	বিধানসভা	bidhan_sova
বিধান্সভার	বিধানসভার	bidhan_sovar
বিনোদন্মূলক	বিনোদনমূলক	binOdon_mUlok
বিপদ্গ্রস্ত	বিপদগ্রস্ত	bipod_grost
বিপদ্জনক	বিপদজনক	bipod_jonok
বিভাগ্কে	বিভাগকে	bivag_ke
বিভাগ্টি	বিভাগটি	bivag_Ti
বিমান্টি	বিমানটি	biman_Ti
বিমান্বন্দর	বিমানবন্দর	biman_bondor
বিমান্বন্দরটি	বিমানবন্দরটি	biman_bondorTi
বিমান্বন্দরে	বিমানবন্দরে	biman_bondore
বিমান্বন্দরের	বিমানবন্দরের	biman_bondorer
বিমান্বাহিনী	বিমানবাহিনী	biman_bahinI
বিমান্বাহিনীর	বিমানবাহিনীর	biman_bahinIr
বিরাজ্মান	বিরাজমান	biraj_man
বিলাস্বহুল	বিলাসবহুল	bilas_bohul
বিশেষ্করে	বিশেষকরে	biSeSh_kore
বিশেষ্ভাবে	বিশেষভাবে	biSeSh_vabe
বিশ্বাস্কে	বিশ্বাসকে	biSwas_ke
বিশ্বাস্ঘাতক	বিশ্বাসঘাতক	biSwas_ghatok
বিশ্বাস্ঘাতকতা	বিশ্বাসঘাতকতা	biSwas_ghatokota
বিশ্বাস্ঘাতকতার	বিশ্বাসঘাতকতার	biSwas_ghatokotar
বিশ্বাস্যোগ্য	বিশ্বাসযোগ্য	biSwas_zOgy
বিষম্কামী	বিষমকামী	biShom_kamI
বিষ্ধর	বিষধর	biSh_dhor
বীজ্গণিত	বীজগণিত	bIj_goNit
বুল্গেরিয়া	বুলগেরিয়া	bul_geriya
বুল্বুল	বুলবুল	bul_bul
বেগম্গঞ্জ	বেগমগঞ্জ	begom_gonj
বেড্ফোর্ড	বেডফোর্ড	beD_fOrrD
বেল্জিয়াম	বেলজিয়াম	bel_jiyam
বেশ্কিছু	বেশকিছু	beS_kichu
বৈশ্বিক্ভাবে	বৈশ্বিকভাবে	bOiSwik_vabe
বোন্কে	বোনকে	bOn_ke
ব্যঞ্জন্ধ্বনি	ব্যঞ্জনধ্বনি	byonjon_dhwoni
ব্যব্সার	ব্যবসার	byob_sar
ব্যাংক্টি	ব্যাংকটি	byangk_Ti
ব্যাট্ম্যান	ব্যাটম্যান	byaT_myan
ব্যাট্ম্যানের	ব্যাটম্যানের	byaT_myaner
ব্যাট্স্ম্যান	ব্যাটসম্যান	byaT_s_myan
ব্যাট্স্ম্যানের	ব্যাটসম্যানের	byaT_s_myaner
ব্যাট্স্ম্যান্কে	ব্যাটসম্যানকে	byaT_s_myan_ke
ব্যাট্স্ম্যান্দের	ব্যাটসম্যানদের	byaT_s_myan_der
ব্যাড্মিন্টন	ব্যাডমিন্টন	byaD_minTon
ব্যান্ড্টি	ব্যান্ডটি	byanD_Ti
ব্যান্ড্টির	ব্যান্ডটির	byanD_Tir
ব্যাপক্ভাবে	ব্যাপকভাবে	byapok_vabe
ব্যোম্কেশ	ব্যোমকেশ	byOm_keS
ব্য্ক্তিকে	ব্যক্তিকে	by_ktike
ব্য্ঙ্গ	ব্যঙ্গ	by_Ngg
ব্য্বধানে	ব্যবধানে	by_bodhane
ব্রড্কাস্টিং	ব্রডকাস্টিং	broD_kasTing
ব্রিটিশ্দের	ব্রিটিশদের	briTiS_der
ব্রিটিশ্বিরোধী	ব্রিটিশবিরোধী	briTiS_birOdhI
ব্রিটিশ্রা	ব্রিটিশরা	briTiS_ra
ব্রুক্স	ব্রুকস	bruk_s
ভদ্কা	ভদকা	vod_ka
ভবন্টি	ভবনটি	vobon_Ti
ভবন্টির	ভবনটির	vobon_Tir
ভাঙ্তে	ভাঙতে	vaNg_te
ভাব্তে	ভাবতে	vab_te
ভাব্না	ভাবনা	vab_na
ভাব্নার	ভাবনার	vab_nar
ভারত্কে	ভারতকে	varot_ke
ভারত্বর্ষ	ভারতবর্ষ	varot_borrSh
ভারত্বর্ষে	ভারতবর্ষে	varot_borrShe
ভারত্বর্ষের	ভারতবর্ষের	varot_borrSher
ভালবাস্তেন	ভালবাসতেন	valobas_ten
ভালোবাস্তো	ভালোবাসতো	valObas_tO
ভিন্সেন্ট	ভিনসেন্ট	vin_senT
ভীষণ্ভাবে	ভীষণভাবে	vIShoN_vabe
ভুগ্ছিলেন	ভুগছিলেন	vug_chilen
ভুগ্তে	ভুগতে	vug_te
ভ্রমণ্কারী	ভ্রমণকারী	vromoN_karI
মঙ্গল্বার	মঙ্গলবার	moNggol_bar
মঙ্গোল্দের	মঙ্গোলদের	moNggOl_der
মজুম্দার	মজুমদার	mojum_dar
মজুম্দারের	মজুমদারের	mojum_darer
মজ্বুত	মজবুত	moj_but
মঞ্চনাট্কে	মঞ্চনাটকে	monconaT_ke
মত্লব	মতলব	mot_lob
মদন্মোহন	মদনমোহন	modon_mOhon
মন্কে	মনকে	mon_ke
মন্মোহন	মনমোহন	mon_mOhon
মন্সা	মনসা	mon_sa
মন্সুর	মনসুর	mon_sur
মম্তাজ	মমতাজ	mom_taj
মস্জিদ	মসজিদ	mos_jid
মস্জিদে	মসজিদে	mos_jide
মস্জিদের	মসজিদের	mos_jider
মস্জিদ্টি	মসজিদটি	mos_jid_Ti
মস্জিদ্টির	মসজিদটির	mos_jid_Tir
মস্লা	মসলা	mos_la
মহাকাশ্যান	মহাকাশযান	mohakaS_zan
মাইল্ফলক	মাইলফলক	mail_folok
মাইল্স	মাইলস	mail_s
মাধব্পুর	মাধবপুর	madhob_pur
মানব্জাতি	মানবজাতি	manob_jati
মানব্জাতির	মানবজাতির	manob_jatir
মানব্দেহে	মানবদেহে	manob_dehe
মানব্দেহের	মানবদেহের	manob_deher
মানসিক্ভাবে	মানসিকভাবে	manosik_vabe
মানান্সই	মানানসই	manan_soi
মানিক্গঞ্জ	মানিকগঞ্জ	manik_gonj
মানুষ্কে	মানুষকে	manuSh_ke
মানুষ্গুলো	মানুষগুলো	manuSh_gulO
মানুষ্গুলোর	মানুষগুলোর	manuSh_gulOr
মানুষ্জন	মানুষজন	manuSh_jon
মানুষ্টি	মানুষটি	manuSh_Ti
মানুষ্দের	মানুষদের	manuSh_der
মানুষ্রা	মানুষরা	manuSh_ra
মান্তে	মানতে	man_te
মান্দণ্ড	মানদণ্ড	man_doND
মান্বে	মানবে	man_be
মাম্লা	মামলা	mam_la
মাম্লার	মামলার	mam_lar
মাম্লুক	মামলুক	mam_luk
মারাত্মক্ভাবে	মারাত্মকভাবে	maratmok_vabe
মালিক্দের	মালিকদের	malik_der
মাল্দা	মালদা	mal_da
মাল্দ্বীপ	মালদ্বীপ	mal_dwIp
মাল্দ্বীপের	মালদ্বীপের	mal_dwIper
মাল্বাহী	মালবাহী	mal_bahI
মাল্ভূমি	মালভূমি	mal_vUmi
মাল্ভূমির	মালভূমির	mal_vUmir
মাহ্মুদ	মাহমুদ	mah_mud
মাহ্মুদুল	মাহমুদুল	mah_mudul
মিল্স	মিলস	mil_s
মুঘল্দের	মুঘলদের	mughol_der
মুজিব্নগর	মুজিবনগর	mujib_nogor
মুসল্মান	মুসলমান	musol_man
মুসল্মানের	মুসলমানের	musol_maner
মুসল্মান্দের	মুসলমানদের	musol_man_der
মুসল্মান্রা	মুসলমানরা	musol_man_ra
মুস্লিম	মুসলিম	mus_lim
মুস্লিম্দের	মুসলিমদের	mus_lim_der
মুস্লিম্রা	মুসলিমরা	mus_lim_ra
মূল্ধন	মূলধন	mUl_dhon
মূল্ধারার	মূলধারার	mUl_dharar
মূল্নীতি	মূলনীতি	mUl_nIti
মেঘ্না	মেঘনা	megh_na
মেল্বোর্ন	মেলবোর্ন	mel_bOrrn
মেল্বোর্নে	মেলবোর্নে	mel_bOrrne
মেল্বোর্নের	মেলবোর্নের	mel_bOrrner
মোহাম্মদ্পুর	মোহাম্মদপুর	mOhammod_pur
ম্যাচ্টি	ম্যাচটি	myac_Ti
ম্যান্হাটন	ম্যানহাটন	myan_haTon
যাদব্পুর	যাদবপুর	zadob_pur
যান্নি	যাননি	zan_ni
যান্বাহন	যানবাহন	zan_bahon
যান্বাহনের	যানবাহনের	zan_bahoner
যুবক্দের	যুবকদের	zubok_der
যেমন্টা	যেমনটা	zemon_Ta
যেমন্টি	যেমনটি	zemon_Ti
যোগ্দান	যোগদান	zOg_dan
যোগ্দানের	যোগদানের	zOg_daner
যোগ্ফল	যোগফল	zOg_fol
যোগ্সূত্র	যোগসূত্র	zOg_sUtr
রক্ষণ্ভাগের	রক্ষণভাগের	rokkhoN_vager
রক্ষণ্শীল	রক্ষণশীল	rokkhoN_SIl
রঙ্টি	রঙটি	roNg_Ti
রবার্ট্স	রবার্টস	robarrT_s
রবিন্সন	রবিনসন	robin_son
রম্জান	রমজান	rom_jan
রহন্পুর	রহনপুর	rohon_pur
রহমান্কে	রহমানকে	rohoman_ke
রাজ্কন্যা	রাজকন্যা	raj_konya
রাজ্কুমার	রাজকুমার	raj_kumar
রাজ্কুমারী	রাজকুমারী	raj_kumarI
রাজ্তন্ত্র	রাজতন্ত্র	raj_tontr
রাজ্তন্ত্রের	রাজতন্ত্রের	raj_tontrer
রাজ্ধানী	রাজধানী	raj_dhanI
রাজ্ধানীতে	রাজধানীতে	raj_dhanIte
রাজ্ধানীর	রাজধানীর	raj_dhanIr
রাজ্নীতি	রাজনীতি	raj_nIti
রাজ্নীতিক	রাজনীতিক	raj_nItik
রাজ্নীতিতে	রাজনীতিতে	raj_nItite
রাজ্নীতিবিদ	রাজনীতিবিদ	raj_nItibid
রাজ্নীতির	রাজনীতির	raj_nItir
রাজ্নৈতিক	রাজনৈতিক	raj_nOitik
রাজ্নৈতিক্ভাবে	রাজনৈতিকভাবে	raj_nOitik_vabe
রাজ্পরিবারের	রাজপরিবারের	raj_poribarer
রাজ্পুত	রাজপুত	raj_put
রাজ্পুত্র	রাজপুত্র	raj_putr
রাজ্বংশ	রাজবংশ	raj_bongS
রাজ্বংশের	রাজবংশের	raj_bongSer
রাজ্শাহী	রাজশাহী	raj_SahI
রাজ্শাহীতে	রাজশাহীতে	raj_SahIte
রাজ্শাহীর	রাজশাহীর	raj_SahIr
রাম্কৃষ্ণ	রামকৃষ্ণ	ram_krriShN
রাম্গঞ্জ	রামগঞ্জ	ram_gonj
রাম্গতি	রামগতি	ram_goti
রাম্চন্দ্র	রামচন্দ্র	ram_condr
রাম্পাল	রামপাল	ram_pal
রাম্পুর	রামপুর	ram_pur
রাম্মোহন	রামমোহন	ram_mOhon
রাস্বিহারী	রাসবিহারী	ras_biharI
রিচার্ড্স	রিচার্ডস	ricarrD_s
রিচার্ড্সন	রিচার্ডসন	ricarrD_son
রুট্টি	রুটটি	ruT_Ti
রুডল্ফ	রুডলফ	ruDol_f
রূপ্কথা	রূপকথা	rUp_kotha
রূপ্টি	রূপটি	rUp_Ti
রূপ্রেখা	রূপরেখা	rUp_rekha
রূপ্সা	রূপসা	rUp_sa
রেকর্ড্টি	রেকর্ডটি	rekorrD_Ti
রেকর্ড্স	রেকর্ডস	rekorrD_s
রোগ্টি	রোগটি	rOg_Ti
রোব্বার	রোববার	rOb_bar
রোমান্দের	রোমানদের	rOman_der
রোমান্রা	রোমানরা	rOman_ra
লর্ড্স	লর্ডস	lorrD_s
লর্ড্সে	লর্ডসে	lorrD_se
লাগ্ছে	লাগছে	lag_che
লাগ্তে	লাগতে	lag_te
লাগ্তো	লাগতো	lag_tO
লাগ্বে	লাগবে	lag_be
লাগ্ল	লাগল	lag_l
লাগ্লাম	লাগলাম	lag_lam
লাগ্লেন	লাগলেন	lag_len
লাগ্লো	লাগলো	lag_lO
লাল্চে	লালচে	lal_ce
লাল্মনিরহাট	লালমনিরহাট	lal_monirhaT
লিন্ড্সে	লিন্ডসে	linD_se
লুট্পাট	লুটপাট	luT_paT
লেখক্দের	লেখকদের	lekhok_der
লেন্দেন	লেনদেন	len_den
লেন্দেনের	লেনদেনের	len_dener
লোক্কাহিনী	লোককাহিনী	lOk_kahinI
লোক্কে	লোককে	lOk_ke
লোক্গুলোকে	লোকগুলোকে	lOk_gulOke
লোক্জন	লোকজন	lOk_jon
লোক্জনের	লোকজনের	lOk_joner
লোক্জন্কে	লোকজনকে	lOk_jon_ke
লোক্জন্দের	লোকজনদের	lOk_jon_der
লোক্টি	লোকটি	lOk_Ti
লোক্টির	লোকটির	lOk_Tir
লোক্দের	লোকদের	lOk_der
লোক্দেরকে	লোকদেরকে	lOk_derke
লোক্মুখে	লোকমুখে	lOk_mukhe
লোক্সংখ্যা	লোকসংখ্যা	lOk_songkhya
লোক্সভা	লোকসভা	lOk_sova
ল্যাপ্টপ	ল্যাপটপ	lyap_Top
ল্যাপ্টপের	ল্যাপটপের	lyap_Toper
শত্করা	শতকরা	Sot_kora
শব্নম	শবনম	Sob_nom
শম্সের	শমসের	Som_ser
শহীদ্দের	শহীদদের	SohId_der
শাক্সব্জি	শাকসবজি	Sak_sob_ji
শাপ্লা	শাপলা	Sap_la
শাম্স	শামস	Sam_s
শাম্সুজ্জামান	শামসুজ্জামান	Sam_sujjaman
শাম্সুদ্দিন	শামসুদ্দিন	Sam_suddin
শাম্সুল	শামসুল	Sam_sul
শারীরিক্ভাবে	শারীরিকভাবে	SarIrik_vabe
শাসক্দের	শাসকদের	Sasok_der
শাসক্রা	শাসকরা	Sasok_ra
শাসন্কর্তা	শাসনকর্তা	Sason_korrta
শাসন্কারী	শাসনকারী	Sason_karI
শাসন্কাল	শাসনকাল	Sason_kal
শাসন্কালে	শাসনকালে	Sason_kale
শাসন্ভার	শাসনভার	Sason_var
শাহ্রুখ	শাহরুখ	Sah_rukh
শিক্দার	শিকদার	Sik_dar
শিক্ষক্কে	শিক্ষককে	Sikkhok_ke
শিক্ষক্দের	শিক্ষকদের	Sikkhok_der
শিব্কে	শিবকে	Sib_ke
শিব্গঞ্জ	শিবগঞ্জ	Sib_gonj
শিব্পুর	শিবপুর	Sib_pur
শিব্মন্দির	শিবমন্দির	Sib_mondir
শিব্লিঙ্গ	শিবলিঙ্গ	Sib_liNgg
শিল্চর	শিলচর	Sil_cor
শীত্কাল	শীতকাল	SIt_kal
শীত্কালীন	শীতকালীন	SIt_kalIn
শীত্কালে	শীতকালে	SIt_kale
শুক্নো	শুকনো	Suk_nO
শুন্তে	শুনতে	Sun_te
শুন্লে	শুনলে	Sun_le
শেষ্কৃত্য	শেষকৃত্য	SeSh_krrity
শেষ্দিকে	শেষদিকে	SeSh_dike
শেষ্বার	শেষবার	SeSh_bar
শেষ্বারের	শেষবারের	SeSh_barer
শেষ্ভাগ	শেষভাগ	SeSh_vag
শেষ্ভাগে	শেষভাগে	SeSh_vage
শৈশব্কাল	শৈশবকাল	SOiSob_kal
শ্রমিক্দের	শ্রমিকদের	Sromik_der
শ্রমিক্রা	শ্রমিকরা	Sromik_ra
শ্রীরাম্পুর	শ্রীরামপুর	SrIram_pur
সংগঠন্টি	সংগঠনটি	songgoThon_Ti
সংগঠন্টির	সংগঠনটির	songgoThon_Tir
সংগীত্শিল্পী	সংগীতশিল্পী	songgIt_SilpI
সংবাদ্দাতা	সংবাদদাতা	songbad_data
সংবাদ্পত্র	সংবাদপত্র	songbad_potr
সংবাদ্পত্রে	সংবাদপত্রে	songbad_potre
সংবাদ্পত্রের	সংবাদপত্রের	songbad_potrer
সংবেদন্শীল	সংবেদনশীল	songbedon_SIl
সংযোগ্কারী	সংযোগকারী	songzOg_karI
সংযোগ্স্থলে	সংযোগস্থলে	songzOg_sthole
সংস্করণ্টি	সংস্করণটি	songskoroN_Ti
সকল্কে	সকলকে	sokol_ke
সঙ্গীত্শিল্পী	সঙ্গীতশিল্পী	soNggIt_SilpI
সঠিক্ভাবে	সঠিকভাবে	soThik_vabe
সন্তান্কে	সন্তানকে	sontan_ke
সন্তান্দের	সন্তানদের	sontan_der
সন্তোষ্জনক	সন্তোষজনক	sontOSh_jonok
সন্ত্রাস্বাদী	সন্ত্রাসবাদী	sontras_badI
সফল্কাম	সফলকাম	sofol_kam
সফল্তম	সফলতম	sofol_tom
সফল্ভাবে	সফলভাবে	sofol_vabe
সব্কটি	সবকটি	sob_koTi
সব্কিছু	সবকিছু	sob_kichu
সব্কিছুই	সবকিছুই	sob_kichui
সব্কিছুতেই	সবকিছুতেই	sob_kichutei
সব্কিছুর	সবকিছুর	sob_kichur
সব্খানে	সবখানে	sob_khane
সব্গুলি	সবগুলি	sob_guli
সব্গুলো	সবগুলো	sob_gulO
সব্চাইতে	সবচাইতে	sob_caite
সব্চে	সবচে	sob_ce
সব্থেকে	সবথেকে	sob_theke
সব্রকম	সবরকম	sob_rokom
সব্শেষে	সবশেষে	sob_SeShe
সমর্থক্দের	সমর্থকদের	somorrthok_der
সমাজ্কর্মী	সমাজকর্মী	somaj_korrmI
সমাজ্কে	সমাজকে	somaj_ke
সমাজ্তন্ত্র	সমাজতন্ত্র	somaj_tontr
সমাজ্তান্ত্রিক	সমাজতান্ত্রিক	somaj_tantrik
সমাজ্বিজ্ঞান	সমাজবিজ্ঞান	somaj_biggan
সমাজ্বিজ্ঞানী	সমাজবিজ্ঞানী	somaj_bigganI
সমাজ্সেবক	সমাজসেবক	somaj_sebok
সমান্ভাবে	সমানভাবে	soman_vabe
সমালোচক্দের	সমালোচকদের	somalOcok_der
সমালোচক্রা	সমালোচকরা	somalOcok_ra
সম্ঝোতা	সমঝোতা	som_jhOta
সম্ঝোতার	সমঝোতার	som_jhOtar
সম্ভব্পর	সম্ভবপর	somvob_por
সম্মান্সূচক	সম্মানসূচক	somman_sUcok
সম্রাট্কে	সম্রাটকে	somraT_ke
সহজ্তর	সহজতর	sohoj_tor
সহজ্ভাবে	সহজভাবে	sohoj_vabe
সহজ্লভ্য	সহজলভ্য	sohoj_lovy
সাংবাদিক্দের	সাংবাদিকদের	sangbadik_der
সাত্ক্ষীরা	সাতক্ষীরা	sat_kkhIra
সাত্জন	সাতজন	sat_jon
সাত্টি	সাতটি	sat_Ti
সাধারণ্ভাবে	সাধারণভাবে	sadharoN_vabe
সাধারন্ভাবে	সাধারনভাবে	sadharon_vabe
সাব্ধান	সাবধান	sab_dhan
সামগ্রিক্ভাবে	সামগ্রিকভাবে	samogrik_vabe
সামাজিক্ভাবে	সামাজিকভাবে	samajik_vabe
সাম্নে	সামনে	sam_ne
সাম্নেই	সামনেই	sam_nei
সাম্নের	সামনের	sam_ner
সাম্প্রতিক্কালে	সাম্প্রতিককালে	samprotik_kale
সাম্লে	সামলে	sam_le
সাল্তানাতের	সালতানাতের	sal_tanater
সাল্মা	সালমা	sal_ma
সাল্মান	সালমান	sal_man
সিগ্নাল	সিগনাল	sig_nal
সিগ্ন্যাল	সিগন্যাল	sig_nyal
সিড্নিতে	সিডনিতে	siD_nite
সিন্হা	সিনহা	sin_ha
সিরাজ্গঞ্জ	সিরাজগঞ্জ	siraj_gonj
সিরিজ্টি	সিরিজটি	sirij_Ti
সিল্ভা	সিলভা	sil_va
সিল্ভার	সিলভার	sil_var
সিস্টেম্কে	সিস্টেমকে	sisTem_ke
সিস্টেম্স	সিস্টেমস	sisTem_s
সুনাম্গঞ্জ	সুনামগঞ্জ	sunam_gonj
সুভাষ্চন্দ্র	সুভাষচন্দ্র	suvaSh_condr
সুল্তান	সুলতান	sul_tan
সুল্তানা	সুলতানা	sul_tana
সুল্তানের	সুলতানের	sul_taner
সৃজন্শীল	সৃজনশীল	srrijon_SIl
সেক্শন	সেকশন	sek_Son
সেখান্কার	সেখানকার	sekhan_kar
সেন্বাগ	সেনবাগ	sen_bag
সৈনিক্দের	সৈনিকদের	sOinik_der
সৈনিক্রা	সৈনিকরা	sOinik_ra
সোম্বার	সোমবার	sOm_bar
স্কট্ল্যান্ড	স্কটল্যান্ড	skoT_lyanD
স্ট্যান্ফোর্ড	স্ট্যানফোর্ড	sTyan_fOrrD
স্থান্কে	স্থানকে	sthan_ke
স্থান্টি	স্থানটি	sthan_Ti
স্পোর্ট্স	স্পোর্টস	spOrrT_s
স্বনাম্ধন্য	স্বনামধন্য	swonam_dhony
স্বাধীন্ভাবে	স্বাধীনভাবে	swadhIn_vabe
স্বাভাবিক্ভাবে	স্বাভাবিকভাবে	swavabik_vabe
স্বাভাবিক্ভাবেই	স্বাভাবিকভাবেই	swavabik_vabei
স্যাম্সাং	স্যামসাং	syam_sang
হট্তে	হটতে	hoT_te
হন্নি	হননি	hon_ni
হপ্কিন্স	হপকিন্স	hop_kins
হয্রত	হযরত	hoz_rot
হল্দে	হলদে	hol_de
হস্পিটাল	হসপিটাল	hos_piTal
হাঁট্তে	হাঁটতে	ha^T_te
হান্তে	হানতে	han_te
হাম্জা	হামজা	ham_ja
হাম্লা	হামলা	ham_la
হাম্লার	হামলার	ham_lar
হাল্দার	হালদার	hal_dar
হাল্নাগাদ	হালনাগাদ	hal_nagad
হাস্তে	হাসতে	has_te
হাস্পাতাল	হাসপাতাল	has_patal
হাস্পাতালে	হাসপাতালে	has_patale
হাস্পাতালের	হাসপাতালের	has_pataler
হিজ্রত	হিজরত	hij_rot
হিজ্রি	হিজরি	hij_ri
হিজ্রী	হিজরী	hij_rI
হিট্লার	হিটলার	hiT_lar
হিট্লারের	হিটলারের	hiT_larer
হিল্স	হিলস	hil_s
হিসাব্বিজ্ঞান	হিসাববিজ্ঞান	hisab_biggan
হুগ্লি	হুগলি	hug_li
হুগ্লী	হুগলী	hug_lI
হুম্কি	হুমকি	hum_ki
হুম্কির	হুমকির	hum_kir
হৃদ্রোগ	হৃদরোগ	hrrid_rOg
হৃদ্রোগে	হৃদরোগে	hrrid_rOge
হেড্মাস্টার	হেডমাস্টার	heD_masTar
হেন্রি	হেনরি	hen_ri
হেন্রী	হেনরী	hen_rI
হেম্চন্দ্র	হেমচন্দ্র	hem_condr
হেল্থ	হেলথ	hel_th
হেল্মেট	হেলমেট	hel_meT
হোটেল্টি	হোটেলটি	hOTel_Ti
হ্যাড্লি	হ্যাডলি	hyaD_li
হ্যান্ড্বল	হ্যান্ডবল	hyanD_bol
